review,prediction,confidence,top2_attention_words,words,weights_normalized,ghi_chu_phan_tich,vi_tri_tu_quan_trong_nhat
hương vị thom chắc do bên giao hàng vỡ mấy gói,KHÔNG MỈA MAI,0.285,"gói, mấy",hương | vị | thom | chắc | do | bên | giao | hàng | vỡ | mấy | gói,0.000 | 0.040 | 0.091 | 0.200 | 0.342 | 0.504 | 0.593 | 0.712 | 0.839 | 0.948 | 1.000,Có dấu hiệu lệch vị trí (tăng đơn điệu đến cuối câu),1.0
" làm ăn uy tín ghê, giao sai hàng",KHÔNG MỈA MAI,0.3346,"hàng, sai","làm | ăn | uy | tín | ghê, | giao | sai | hàng",0.000 | 0.044 | 0.205 | 0.391 | 0.619 | 0.746 | 0.907 | 1.000,Có dấu hiệu lệch vị trí (tăng đơn điệu đến cuối câu),1.0
chất lượng sản phẩm thấy mọi người rư mua thử dùng bé xem cải thiện khô da không dùng vài lần bé khô da nhẹ chuyển sang mẩn đỏ li ti lan rộng mặt cổ bụng bé ngứa ngáy cứ gãi suốt,MỈA MAI,0.5374,"suốt, gãi",chất | lượng | sản | phẩm | thấy | mọi | người | rư | mua | thử | dùng | bé | xem | cải | thiện | khô | da | không | dùng | vài | lần | bé | khô | da | nhẹ | chuyển | sang | mẩn | đỏ | li | ti | lan | rộng | mặt | cổ | bụng | bé | ngứa | ngáy | cứ | gãi | suốt,0.310 | 0.299 | 0.292 | 0.279 | 0.279 | 0.236 | 0.215 | 0.205 | 0.148 | 0.123 | 0.101 | 0.056 | 0.032 | 0.017 | 0.001 | 0.011 | 0.000 | 0.016 | 0.022 | 0.047 | 0.058 | 0.048 | 0.086 | 0.092 | 0.111 | 0.143 | 0.193 | 0.246 | 0.280 | 0.333 | 0.397 | 0.462 | 0.519 | 0.610 | 0.686 | 0.766 | 0.791 | 0.884 | 0.934 | 0.967 | 0.991 | 1.000,Từ quan trọng nhất ở cuối câu (có thể lệch vị trí),1.0
chất lượng khá ổn không cần kỳ vọng gì thì sẽ không thất vọng triết lý sống đấy mọi người,MỈA MAI,0.696,"người, đấy",chất | lượng | khá | ổn | không | cần | kỳ | vọng | gì | thì | sẽ | không | thất | vọng | triết | lý | sống | đấy | mọi | người,0.000 | 0.035 | 0.071 | 0.123 | 0.213 | 0.309 | 0.397 | 0.505 | 0.586 | 0.684 | 0.758 | 0.826 | 0.887 | 0.928 | 0.950 | 0.965 | 0.984 | 0.998 | 0.991 | 1.000,Có dấu hiệu lệch vị trí (tăng đơn điệu đến cuối câu),1.0
kem dưỡng da thơm thẩm thấu nhanh dùng 3 ngày mặt nổi mẩn đỏ hết hiệu quả nhanh thật,KHÔNG MỈA MAI,0.3636,"thật, nhanh",kem | dưỡng | da | thơm | thẩm | thấu | nhanh | dùng | 3 | ngày | mặt | nổi | mẩn | đỏ | hết | hiệu | quả | nhanh | thật,0.033 | 0.026 | 0.010 | 0.010 | 0.002 | 0.007 | 0.000 | 0.023 | 0.075 | 0.147 | 0.239 | 0.318 | 0.420 | 0.488 | 0.579 | 0.707 | 0.821 | 0.895 | 1.000,Có dấu hiệu lệch vị trí (tăng đơn điệu đến cuối câu),1.0
cửa hàng ok hàng ok tất cả ok hết chỉ có điều tôi order size m mà nhận được size xl thôi,MỈA MAI,0.7493,"xl, size",cửa | hàng | ok | hàng | ok | tất | cả | ok | hết | chỉ | có | điều | tôi | order | size | m | mà | nhận | được | size | xl | thôi,0.000 | 0.028 | 0.094 | 0.148 | 0.238 | 0.330 | 0.407 | 0.504 | 0.581 | 0.659 | 0.728 | 0.780 | 0.827 | 0.867 | 0.895 | 0.920 | 0.949 | 0.974 | 0.993 | 0.998 | 1.000 | 0.995,Có dấu hiệu lệch vị trí (tăng đơn điệu đến cuối câu),0.95
dép đẹp đi êm chân đi được 3 hôm thì đứt quai chất lượng xứng với giá tiền luôn,MỈA MAI,0.711,"luôn, tiền",dép | đẹp | đi | êm | chân | đi | được | 3 | hôm | thì | đứt | quai | chất | lượng | xứng | với | giá | tiền | luôn,0.000 | 0.036 | 0.099 | 0.159 | 0.241 | 0.338 | 0.444 | 0.537 | 0.630 | 0.722 | 0.788 | 0.841 | 0.882 | 0.918 | 0.950 | 0.968 | 0.977 | 0.993 | 1.000,Có dấu hiệu lệch vị trí (tăng đơn điệu đến cuối câu),1.0
quy trình giao hàng chậm trễ cửa hàng không giải quyết vấn đề khách hàng,MỈA MAI,0.5611,"hàng, khách",quy | trình | giao | hàng | chậm | trễ | cửa | hàng | không | giải | quyết | vấn | đề | khách | hàng,0.000 | 0.025 | 0.043 | 0.081 | 0.153 | 0.262 | 0.349 | 0.439 | 0.565 | 0.686 | 0.792 | 0.865 | 0.928 | 0.979 | 1.000,Có dấu hiệu lệch vị trí (tăng đơn điệu đến cuối câu),1.0
chất lượng tốt lắm xài 1 tuần da mình nổi mụn khắp mặt cảm ơn cửa hàng nhé,MỈA MAI,0.5324,"nhé, hàng",chất | lượng | tốt | lắm | xài | 1 | tuần | da | mình | nổi | mụn | khắp | mặt | cảm | ơn | cửa | hàng | nhé,0.000 | 0.042 | 0.096 | 0.181 | 0.236 | 0.324 | 0.403 | 0.467 | 0.567 | 0.647 | 0.725 | 0.776 | 0.852 | 0.886 | 0.920 | 0.952 | 0.977 | 1.000,Có dấu hiệu lệch vị trí (tăng đơn điệu đến cuối câu),1.0
tai nghe âm thanh tốt bass mạnh cắm vào máy tính thì chỉ nghe được một bên stereo đỉnh cao,KHÔNG MỈA MAI,0.4757,"cao, đỉnh",tai | nghe | âm | thanh | tốt | bass | mạnh | cắm | vào | máy | tính | thì | chỉ | nghe | được | một | bên | stereo | đỉnh | cao,0.062 | 0.027 | 0.013 | 0.001 | 0.000 | 0.004 | 0.028 | 0.055 | 0.102 | 0.145 | 0.161 | 0.245 | 0.339 | 0.403 | 0.519 | 0.638 | 0.759 | 0.852 | 0.943 | 1.000,Từ quan trọng nhất ở cuối câu (có thể lệch vị trí),1.0
phù hợp loại da ổn mùi hương ổn công dụng ổn mùi lạ so lọ từng dùng không hắc thơm nhè nhẹ dưỡng ẩm vừa không tốt,KHÔNG MỈA MAI,0.1553,"phù, hợp",phù | hợp | loại | da | ổn | mùi | hương | ổn | công | dụng | ổn | mùi | lạ | so | lọ | từng | dùng | không | hắc | thơm | nhè | nhẹ | dưỡng | ẩm | vừa | không | tốt,1.000 | 0.818 | 0.642 | 0.487 | 0.396 | 0.311 | 0.228 | 0.180 | 0.114 | 0.051 | 0.024 | 0.000 | 0.029 | 0.028 | 0.054 | 0.105 | 0.138 | 0.259 | 0.310 | 0.375 | 0.464 | 0.511 | 0.584 | 0.540 | 0.527 | 0.569 | 0.532,Bình thường,0.0
kiểm soát dầu tóc bết dã man bết sạch công cảm ơn coi công thức sản phẩm mới xài chán chán tóc mau bết mau ngứa mua xong xài vài lần phần ngó,MỈA MAI,0.7659,"vài, xài",kiểm | soát | dầu | tóc | bết | dã | man | bết | sạch | công | cảm | ơn | coi | công | thức | sản | phẩm | mới | xài | chán | chán | tóc | mau | bết | mau | ngứa | mua | xong | xài | vài | lần | phần | ngó,0.000 | 0.034 | 0.073 | 0.122 | 0.207 | 0.281 | 0.349 | 0.429 | 0.472 | 0.510 | 0.535 | 0.555 | 0.576 | 0.599 | 0.626 | 0.645 | 0.673 | 0.716 | 0.747 | 0.774 | 0.802 | 0.836 | 0.870 | 0.898 | 0.921 | 0.944 | 0.958 | 0.988 | 0.994 | 1.000 | 0.993 | 0.982 | 0.972,Có dấu hiệu lệch vị trí (tăng đơn điệu đến cuối câu),0.91
máy trông xịn thiết kế đẹp bật lên thì không hoạt động đúng là hàng chất lượng,MỈA MAI,0.6919,"lượng, chất",máy | trông | xịn | thiết | kế | đẹp | bật | lên | thì | không | hoạt | động | đúng | là | hàng | chất | lượng,0.000 | 0.055 | 0.116 | 0.179 | 0.247 | 0.333 | 0.427 | 0.528 | 0.637 | 0.736 | 0.826 | 0.891 | 0.936 | 0.977 | 0.988 | 0.997 | 1.000,Có dấu hiệu lệch vị trí (tăng đơn điệu đến cuối câu),1.0
son môi màu đỏ đẹp lắm lên màu chuẩn nhưng ăn một cái bánh là trôi hết màu bền thật,KHÔNG MỈA MAI,0.2066,"thật, màu",son | môi | màu | đỏ | đẹp | lắm | lên | màu | chuẩn | nhưng | ăn | một | cái | bánh | là | trôi | hết | màu | bền | thật,0.241 | 0.157 | 0.097 | 0.023 | 0.000 | 0.053 | 0.088 | 0.067 | 0.082 | 0.161 | 0.150 | 0.296 | 0.335 | 0.418 | 0.643 | 0.767 | 0.904 | 0.968 | 0.898 | 1.000,Từ quan trọng nhất ở cuối câu (có thể lệch vị trí),1.0
túi đẹp đóng gói kĩ túi lỗi đường nhắn tin qua cskh cửa hàng hỗ trợ không linh hoạt gấp mới nhận đỡ không quay lần,MỈA MAI,0.6901,"quay, lần",túi | đẹp | đóng | gói | kĩ | túi | lỗi | đường | nhắn | tin | qua | cskh | cửa | hàng | hỗ | trợ | không | linh | hoạt | gấp | mới | nhận | đỡ | không | quay | lần,0.000 | 0.015 | 0.022 | 0.035 | 0.065 | 0.109 | 0.166 | 0.207 | 0.247 | 0.276 | 0.302 | 0.341 | 0.384 | 0.430 | 0.495 | 0.554 | 0.635 | 0.703 | 0.780 | 0.834 | 0.887 | 0.928 | 0.965 | 0.988 | 1.000 | 0.994,Có dấu hiệu lệch vị trí (tăng đơn điệu đến cuối câu),0.96
giao hàng nhanh chóng không quà tặng quảng cáo so giá hơi chát cửa hàng,KHÔNG MỈA MAI,0.1747,"hơi, chát",giao | hàng | nhanh | chóng | không | quà | tặng | quảng | cáo | so | giá | hơi | chát | cửa | hàng,0.053 | 0.056 | 0.032 | 0.000 | 0.231 | 0.404 | 0.547 | 0.707 | 0.872 | 0.982 | 0.916 | 1.000 | 0.988 | 0.945 | 0.827,Bình thường,0.79
màu sắc đẹp như hình hình đen trắng hàng nhận về cũng đen trắng luôn đúng y chang,KHÔNG MỈA MAI,0.1539,"màu, chang",màu | sắc | đẹp | như | hình | hình | đen | trắng | hàng | nhận | về | cũng | đen | trắng | luôn | đúng | y | chang,1.000 | 0.787 | 0.729 | 0.572 | 0.431 | 0.259 | 0.192 | 0.217 | 0.184 | 0.237 | 0.195 | 0.000 | 0.071 | 0.165 | 0.415 | 0.512 | 0.729 | 0.874,Bình thường,0.0
màu y chang hình đẹp lắm mặc vào đi nắng 1 buổi là phai hết màu vải chất lượng cao đấy,MỈA MAI,0.7009,"cao, đấy",màu | y | chang | hình | đẹp | lắm | mặc | vào | đi | nắng | 1 | buổi | là | phai | hết | màu | vải | chất | lượng | cao | đấy,0.000 | 0.033 | 0.073 | 0.101 | 0.145 | 0.221 | 0.278 | 0.362 | 0.446 | 0.517 | 0.603 | 0.673 | 0.754 | 0.806 | 0.856 | 0.890 | 0.928 | 0.960 | 0.981 | 1.000 | 0.998,Có dấu hiệu lệch vị trí (tăng đơn điệu đến cuối câu),0.95
đóng gói rất cẩn thận thùng xốp dày giấy bọc nhiều lớp sản phẩm bên trong thì vẫn vỡ kỹ năng đóng gói đỉnh,KHÔNG MỈA MAI,0.1279,"đóng, gói",đóng | gói | rất | cẩn | thận | thùng | xốp | dày | giấy | bọc | nhiều | lớp | sản | phẩm | bên | trong | thì | vẫn | vỡ | kỹ | năng | đóng | gói | đỉnh,1.000 | 0.880 | 0.849 | 0.641 | 0.447 | 0.313 | 0.227 | 0.171 | 0.133 | 0.066 | 0.045 | 0.017 | 0.010 | 0.000 | 0.046 | 0.072 | 0.154 | 0.260 | 0.329 | 0.383 | 0.375 | 0.352 | 0.326 | 0.315,Bình thường,0.0
giao hàng đúng hẹn cửa hàng nhiệt tình hỗ trợ sản phẩm giao nhầm người khác mình nhận hàng của người lạ chuẩn dịch vụ,MỈA MAI,0.5069,"vụ, dịch",giao | hàng | đúng | hẹn | cửa | hàng | nhiệt | tình | hỗ | trợ | sản | phẩm | giao | nhầm | người | khác | mình | nhận | hàng | của | người | lạ | chuẩn | dịch | vụ,0.004 | 0.000 | 0.014 | 0.040 | 0.059 | 0.080 | 0.110 | 0.128 | 0.167 | 0.203 | 0.236 | 0.267 | 0.296 | 0.358 | 0.397 | 0.466 | 0.553 | 0.627 | 0.695 | 0.788 | 0.843 | 0.917 | 0.959 | 0.984 | 1.000,Có dấu hiệu lệch vị trí (tăng đơn điệu đến cuối câu),1.0
sản phẩm đúng với mô tả mô tả ghi có thể có lỗi nhỏ và đúng là có lỗi thật chính xác 100,MỈA MAI,0.5368,"100, xác",sản | phẩm | đúng | với | mô | tả | mô | tả | ghi | có | thể | có | lỗi | nhỏ | và | đúng | là | có | lỗi | thật | chính | xác | 100,0.058 | 0.048 | 0.055 | 0.070 | 0.053 | 0.035 | 0.020 | 0.000 | 0.018 | 0.057 | 0.098 | 0.159 | 0.231 | 0.249 | 0.313 | 0.389 | 0.520 | 0.641 | 0.748 | 0.851 | 0.908 | 0.960 | 1.000,Có dấu hiệu lệch vị trí (tăng đơn điệu đến cuối câu),1.0
tem xé lon móp trước đóng gói ngày sản xuất cách năm rưỡi sao hơi rẻ sao đẹp,MỈA MAI,0.6944,"đẹp, sao",tem | xé | lon | móp | trước | đóng | gói | ngày | sản | xuất | cách | năm | rưỡi | sao | hơi | rẻ | sao | đẹp,0.000 | 0.065 | 0.168 | 0.289 | 0.409 | 0.495 | 0.577 | 0.667 | 0.735 | 0.809 | 0.861 | 0.892 | 0.927 | 0.949 | 0.960 | 0.966 | 0.994 | 1.000,Có dấu hiệu lệch vị trí (tăng đơn điệu đến cuối câu),1.0
đóng gói chắc chắn nh cửa hàng đóng thiếu tẩy trang tặng sao,KHÔNG MỈA MAI,0.1075,"chắc, đóng",đóng | gói | chắc | chắn | nh | cửa | hàng | đóng | thiếu | tẩy | trang | tặng | sao,0.998 | 0.945 | 1.000 | 0.988 | 0.928 | 0.923 | 0.897 | 0.819 | 0.792 | 0.591 | 0.334 | 0.154 | 0.000,Bình thường,0.17
serum vào nếp thơm suôn mềm mượt điểm trừ là nút nhấn bị kẹt nhấn không ra serum phải mở nắp chai để dùng,MỈA MAI,0.7104,"để, dùng",serum | vào | nếp | thơm | suôn | mềm | mượt | điểm | trừ | là | nút | nhấn | bị | kẹt | nhấn | không | ra | serum | phải | mở | nắp | chai | để | dùng,0.000 | 0.044 | 0.070 | 0.104 | 0.138 | 0.180 | 0.234 | 0.286 | 0.354 | 0.443 | 0.485 | 0.538 | 0.612 | 0.673 | 0.726 | 0.788 | 0.845 | 0.894 | 0.936 | 0.963 | 0.982 | 0.990 | 1.000 | 0.994,Có dấu hiệu lệch vị trí (tăng đơn điệu đến cuối câu),0.96
hàng đẹp lắm đóng gói cẩn thận nhưng mà xài 2 ngày là bong tróc hết chất lượng tuyệt vời phết nhỉ,KHÔNG MỈA MAI,0.2979,"nhỉ, phết",hàng | đẹp | lắm | đóng | gói | cẩn | thận | nhưng | mà | xài | 2 | ngày | là | bong | tróc | hết | chất | lượng | tuyệt | vời | phết | nhỉ,0.080 | 0.085 | 0.142 | 0.129 | 0.138 | 0.075 | 0.000 | 0.037 | 0.066 | 0.073 | 0.122 | 0.185 | 0.332 | 0.435 | 0.520 | 0.611 | 0.717 | 0.829 | 0.915 | 0.944 | 0.982 | 1.000,Từ quan trọng nhất ở cuối câu (có thể lệch vị trí),1.0
hương vị không ngon mùi bì mẫu mã xấu sữa sắp hết date hàng giao rò rỉ sữa ngoài không hiểu đóng gói kiểu rỉ rõ thế không xử lý khách đừng mua hãng sữa người mua gần hết date bán rẻ uống không ngon bằng vinamilk không phần vinamilk,KHÔNG MỈA MAI,0.2418,"không, hương",hương | vị | không | ngon | mùi | bì | mẫu | mã | xấu | sữa | sắp | hết | date | hàng | giao | rò | rỉ | sữa | ngoài | không | hiểu | đóng | gói | kiểu | rỉ | rõ | thế | không | xử | lý | khách | đừng | mua | hãng | sữa | người | mua | gần | hết | date | bán | rẻ | uống | không | ngon | bằng | vinamilk | không | phần | vinamilk,0.990 | 0.961 | 1.000 | 0.977 | 0.988 | 0.988 | 0.981 | 0.970 | 0.932 | 0.897 | 0.829 | 0.782 | 0.695 | 0.642 | 0.575 | 0.513 | 0.484 | 0.452 | 0.436 | 0.442 | 0.404 | 0.372 | 0.350 | 0.329 | 0.317 | 0.327 | 0.326 | 0.340 | 0.331 | 0.329 | 0.344 | 0.345 | 0.300 | 0.286 | 0.264 | 0.233 | 0.184 | 0.160 | 0.136 | 0.103 | 0.084 | 0.059 | 0.049 | 0.042 | 0.028 | 0.022 | 0.014 | 0.015 | 0.008 | 0.000,Bình thường,0.04
pin sạc dự phòng trông xịn dung lượng 20000mah sạc điện thoại được 1 lần là hết đúng là 20000mah,MỈA MAI,0.6739,"là, 20000mah",pin | sạc | dự | phòng | trông | xịn | dung | lượng | 20000mah | sạc | điện | thoại | được | 1 | lần | là | hết | đúng | là | 20000mah,0.000 | 0.021 | 0.063 | 0.109 | 0.163 | 0.219 | 0.258 | 0.317 | 0.368 | 0.440 | 0.511 | 0.593 | 0.686 | 0.765 | 0.825 | 0.894 | 0.937 | 0.974 | 1.000 | 0.994,Có dấu hiệu lệch vị trí (tăng đơn điệu đến cuối câu),0.95
đóng gói sơ sài thấy cửa hàng đóng gói sản phẩm cẩu thả hộp bên ngoài cũ nhàu nát kiểu sản phẩm hộp cũ xong đóng gói gửi khách sử dụng nhận hàng mở thấy không hài lòng thất vọng,MỈA MAI,0.6843,"thất, lòng",đóng | gói | sơ | sài | thấy | cửa | hàng | đóng | gói | sản | phẩm | cẩu | thả | hộp | bên | ngoài | cũ | nhàu | nát | kiểu | sản | phẩm | hộp | cũ | xong | đóng | gói | gửi | khách | sử | dụng | nhận | hàng | mở | thấy | không | hài | lòng | thất | vọng,0.022 | 0.006 | 0.002 | 0.000 | 0.005 | 0.007 | 0.008 | 0.004 | 0.005 | 0.013 | 0.017 | 0.035 | 0.056 | 0.085 | 0.143 | 0.191 | 0.227 | 0.280 | 0.309 | 0.346 | 0.380 | 0.410 | 0.459 | 0.489 | 0.543 | 0.563 | 0.592 | 0.615 | 0.665 | 0.696 | 0.726 | 0.764 | 0.800 | 0.846 | 0.889 | 0.933 | 0.967 | 0.994 | 1.000 | 0.984,Có dấu hiệu lệch vị trí (tăng đơn điệu đến cuối câu),0.97
sản phẩm đúng mô tả 100 mô tả ghi dùng được 6 tháng mình dùng được 2 tuần là hết đúng thật nhỉ,KHÔNG MỈA MAI,0.474,"nhỉ, thật",sản | phẩm | đúng | mô | tả | 100 | mô | tả | ghi | dùng | được | 6 | tháng | mình | dùng | được | 2 | tuần | là | hết | đúng | thật | nhỉ,0.113 | 0.095 | 0.094 | 0.066 | 0.037 | 0.043 | 0.023 | 0.000 | 0.011 | 0.022 | 0.061 | 0.097 | 0.114 | 0.174 | 0.230 | 0.327 | 0.426 | 0.535 | 0.679 | 0.779 | 0.869 | 0.954 | 1.000,Từ quan trọng nhất ở cuối câu (có thể lệch vị trí),1.0
sản phẩm tuyệt vời vừa mở hộp đã không dùng được,KHÔNG MỈA MAI,0.2398,"được, dùng",sản | phẩm | tuyệt | vời | vừa | mở | hộp | đã | không | dùng | được,0.000 | 0.030 | 0.081 | 0.100 | 0.160 | 0.243 | 0.348 | 0.512 | 0.696 | 0.833 | 1.000,Có dấu hiệu lệch vị trí (tăng đơn điệu đến cuối câu),1.0
đóng gói quá cẩn thận nên hàng vỡ đẹp luôn,KHÔNG MỈA MAI,0.0964,"quá, đóng",đóng | gói | quá | cẩn | thận | nên | hàng | vỡ | đẹp | luôn,0.919 | 0.833 | 1.000 | 0.706 | 0.396 | 0.344 | 0.214 | 0.145 | 0.009 | 0.000,Bình thường,0.22
đẹp no mẹo no kinh nghiệm sử dụng no dùng vô đánh giá dịch vụ tệ cửa hàng mang tiếng cửa hàng mall ăn chán lần đầu đặt đơn srm thấy ổn mới đặt tiếp tẩy trang lần đặt tự nhiên mới kho người giao hàng báo hoàn hàng cứ đổ lỗi người giao hàng hóa nay đặt lần mới biết lỗi do cửa hàng giao hàng cuối vn đầu vn không miếng chống xóc vứt nguyên cái chai vô hộp rõ mỏng nơi cái hộp nát kia miếng dán nhăn nhó may lần trước chai không nứt chảy nước lần rồi ngay đặt đơn note cửa hàng gửi tin nhắn lần cskh hứa nọ hứa kia nhận đơn đâu cửa hàng khác cùng tỉnh bọc mấy lớp chống xóc sản phẩm chả dạng lỏng giao hàng rõ xa sản phẩm dạng nước thấy bọc trông chán không cửa hàng xem nhân viên kho chứ cứ bọc kiểu cửa hàng mất hết khách kể cửa hàng mall chính hãng người ta không quay điển hình,KHÔNG MỈA MAI,0.2028,"no, đẹp",đẹp | no | mẹo | no | kinh | nghiệm | sử | dụng | no | dùng | vô | đánh | giá | dịch | vụ | tệ | cửa | hàng | mang | tiếng | cửa | hàng | mall | ăn | chán | lần | đầu | đặt | đơn | srm | thấy | ổn | mới | đặt | tiếp | tẩy | trang | lần | đặt | tự | nhiên | mới | kho | người | giao | hàng | báo | hoàn | hàng | cứ | đổ | lỗi | người | giao | hàng | hóa | nay | đặt | lần | mới | biết | lỗi | do | cửa | hàng | giao | hàng | cuối | vn | đầu | vn | không | miếng | chống | xóc | vứt | nguyên | cái | chai | vô | hộp | rõ | mỏng | nơi | cái | hộp | nát | kia | miếng | dán | nhăn | nhó | may | lần | trước | chai | không | nứt | chảy | nước | lần | rồi | ngay | đặt | đơn | note | cửa | hàng | gửi | tin | nhắn | lần | cskh | hứa | nọ | hứa | kia | nhận | đơn | đâu | cửa | hàng | khác | cùng | tỉnh | bọc | mấy | lớp | chống | xóc | sản | phẩm | chả | dạng | lỏng | giao | hàng | rõ | xa | sản | phẩm | dạng | nước | thấy | bọc | trông | chán | không | cửa | hàng | xem | nhân | viên | kho | chứ | cứ | bọc | kiểu | cửa | hàng | mất | hết | khách | kể | cửa | hàng | mall | chính | hãng | người | ta | không | quay | điển | hình,0.994 | 1.000 | 0.952 | 0.976 | 0.976 | 0.978 | 0.943 | 0.899 | 0.891 | 0.877 | 0.862 | 0.793 | 0.721 | 0.675 | 0.618 | 0.559 | 0.518 | 0.477 | 0.413 | 0.402 | 0.365 | 0.329 | 0.285 | 0.244 | 0.217 | 0.196 | 0.174 | 0.166 | 0.149 | 0.133 | 0.124 | 0.114 | 0.106 | 0.099 | 0.083 | 0.067 | 0.052 | 0.046 | 0.040 | 0.027 | 0.020 | 0.016 | 0.010 | 0.004 | 0.002 | 0.002 | 0.000 | 0.001 | 0.002 | 0.001,Bình thường,0.02
không biết do cửa hàng đóng gói sơ sài vận chuyển nó nv hàng trưng bày chắc không lsau quay cửa hàng,MỈA MAI,0.7143,"cửa, quay",không | biết | do | cửa | hàng | đóng | gói | sơ | sài | vận | chuyển | nó | nv | hàng | trưng | bày | chắc | không | lsau | quay | cửa | hàng,0.000 | 0.032 | 0.099 | 0.146 | 0.196 | 0.245 | 0.299 | 0.361 | 0.425 | 0.492 | 0.562 | 0.638 | 0.701 | 0.756 | 0.810 | 0.862 | 0.908 | 0.946 | 0.972 | 0.995 | 1.000 | 0.992,Có dấu hiệu lệch vị trí (tăng đơn điệu đến cuối câu),0.95
đóng gói không gói giao nhanh,KHÔNG MỈA MAI,0.0923,"gói, không",đóng | gói | không | gói | giao | nhanh,0.270 | 0.126 | 0.946 | 1.000 | 0.644 | 0.000,Bình thường,0.6
dành da thieu nuoc da dau công dụng abcde mùi hương ổn gói hàng sơ xài vỡ mất nắp lọ kem cửa hàng chú lần,KHÔNG MỈA MAI,0.12,"dành, da",dành | da | thieu | nuoc | da | dau | công | dụng | abcde | mùi | hương | ổn | gói | hàng | sơ | xài | vỡ | mất | nắp | lọ | kem | cửa | hàng | chú | lần,1.000 | 0.913 | 0.842 | 0.783 | 0.721 | 0.664 | 0.598 | 0.529 | 0.462 | 0.416 | 0.368 | 0.336 | 0.306 | 0.282 | 0.271 | 0.243 | 0.237 | 0.215 | 0.202 | 0.182 | 0.139 | 0.109 | 0.074 | 0.038 | 0.000,Bình thường,0.0
sao ghi tặng quà mua không tặng,KHÔNG MỈA MAI,0.1609,"tặng, không",sao | ghi | tặng | quà | mua | không | tặng,0.000 | 0.209 | 0.421 | 0.645 | 0.609 | 0.891 | 1.000,Từ quan trọng nhất ở cuối câu (có thể lệch vị trí),1.0
đóng gói không chắc chắn bịch bục mùi sữa hỏng bỏ chục túi,KHÔNG MỈA MAI,0.2706,"túi, chục",đóng | gói | không | chắc | chắn | bịch | bục | mùi | sữa | hỏng | bỏ | chục | túi,0.000 | 0.021 | 0.118 | 0.233 | 0.328 | 0.391 | 0.537 | 0.636 | 0.727 | 0.826 | 0.892 | 0.930 | 1.000,Có dấu hiệu lệch vị trí (tăng đơn điệu đến cuối câu),1.0
hàng mua link sản phẩm tặng quà không nhận hỏi cửa hàng trả lời vòng vo không đúng mục đích câu hỏi nhận hàng thất vọng cửa hàng uy tín sản phẩm không vỏ hộp tem mác không rõ ngày sản xuất ghi hàng nhập không bill,MỈA MAI,0.7365,"rõ, không",hàng | mua | link | sản | phẩm | tặng | quà | không | nhận | hỏi | cửa | hàng | trả | lời | vòng | vo | không | đúng | mục | đích | câu | hỏi | nhận | hàng | thất | vọng | cửa | hàng | uy | tín | sản | phẩm | không | vỏ | hộp | tem | mác | không | rõ | ngày | sản | xuất | ghi | hàng | nhập | không | bill,0.053 | 0.000 | 0.012 | 0.011 | 0.011 | 0.022 | 0.035 | 0.073 | 0.098 | 0.136 | 0.161 | 0.183 | 0.207 | 0.247 | 0.286 | 0.308 | 0.377 | 0.437 | 0.478 | 0.525 | 0.579 | 0.636 | 0.684 | 0.723 | 0.784 | 0.828 | 0.861 | 0.884 | 0.913 | 0.932 | 0.948 | 0.957 | 0.970 | 0.981 | 0.990 | 0.995 | 0.996 | 1.000 | 1.000 | 0.997 | 0.990 | 0.986 | 0.963 | 0.946 | 0.931 | 0.920 | 0.902,Từ quan trọng nhất ở cuối câu (có thể lệch vị trí),0.8
đóng gói đẹp giao nhanh bì đẹp nhỏ xinh lần đầu mua thử thương hiệu việt nam mong ổn phù hợp update xài chán thà mua mấy thương hiệu nước ngoài chứ hãng mới giá đâu rẻ đâu trải nghiệm không cảm giác ngoài khó chịu,KHÔNG MỈA MAI,0.083,"đóng, gói",đóng | gói | đẹp | giao | nhanh | bì | đẹp | nhỏ | xinh | lần | đầu | mua | thử | thương | hiệu | việt | nam | mong | ổn | phù | hợp | update | xài | chán | thà | mua | mấy | thương | hiệu | nước | ngoài | chứ | hãng | mới | giá | đâu | rẻ | đâu | trải | nghiệm | không | cảm | giác | ngoài | khó | chịu,1.000 | 0.917 | 0.847 | 0.751 | 0.659 | 0.582 | 0.507 | 0.396 | 0.302 | 0.252 | 0.200 | 0.149 | 0.125 | 0.100 | 0.093 | 0.079 | 0.069 | 0.063 | 0.057 | 0.048 | 0.043 | 0.039 | 0.034 | 0.029 | 0.024 | 0.020 | 0.021 | 0.017 | 0.019 | 0.018 | 0.015 | 0.011 | 0.009 | 0.007 | 0.003 | 0.001 | 0.000 | 0.001 | 0.002 | 0.002 | 0.003 | 0.001 | 0.002 | 0.003 | 0.003 | 0.003,Bình thường,0.0
yêu cầu op màng bọc cam cửa hàng ổn mới đặt nhận hang thi thấy không co che cam thất vọng,MỈA MAI,0.5983,"vọng, thất",yêu | cầu | op | màng | bọc | cam | cửa | hàng | ổn | mới | đặt | nhận | hang | thi | thấy | không | co | che | cam | thất | vọng,0.003 | 0.000 | 0.025 | 0.046 | 0.056 | 0.090 | 0.127 | 0.167 | 0.224 | 0.297 | 0.386 | 0.456 | 0.541 | 0.610 | 0.683 | 0.763 | 0.820 | 0.871 | 0.925 | 0.976 | 1.000,Có dấu hiệu lệch vị trí (tăng đơn điệu đến cuối câu),1.0
cửa hàng hàng tặng cửa hàng đóng gói túi form đẹp sang chất lượng hàng tay nguyên vệt đen bẩn khâu đóng gói thất vọng vô cùng,MỈA MAI,0.6116,"cùng, vô",cửa | hàng | hàng | tặng | cửa | hàng | đóng | gói | túi | form | đẹp | sang | chất | lượng | hàng | tay | nguyên | vệt | đen | bẩn | khâu | đóng | gói | thất | vọng | vô | cùng,0.008 | 0.000 | 0.004 | 0.017 | 0.029 | 0.042 | 0.048 | 0.058 | 0.088 | 0.102 | 0.132 | 0.181 | 0.228 | 0.280 | 0.335 | 0.401 | 0.475 | 0.555 | 0.623 | 0.665 | 0.731 | 0.781 | 0.834 | 0.899 | 0.949 | 0.974 | 1.000,Có dấu hiệu lệch vị trí (tăng đơn điệu đến cuối câu),1.0
đóng gói keo cái tuýp kem nó to lấy hộp to xíu đựng nó thẳng sản phẩm không hở cửa hàng mặc biết bọc nilon quấn kĩ lỡ nó bể chảy kem sao cầm tuýp kem bẹo hình bẹo dạng phát chán quan trọng sản phẩm nsx cũ đầu năm giờ năm rồi mặc hạn sử dụng tới năm không ưng đồ đạc lâu hàng mỹ phẩm dễ xỉn màu bên,MỈA MAI,0.6569,"năm, đầu",đóng | gói | keo | cái | tuýp | kem | nó | to | lấy | hộp | to | xíu | đựng | nó | thẳng | sản | phẩm | không | hở | cửa | hàng | mặc | biết | bọc | nilon | quấn | kĩ | lỡ | nó | bể | chảy | kem | sao | cầm | tuýp | kem | bẹo | hình | bẹo | dạng | phát | chán | quan | trọng | sản | phẩm | nsx | cũ | đầu | năm | giờ | năm | rồi | mặc | hạn | sử | dụng | tới | năm | không | ưng | đồ | đạc | lâu | hàng | mỹ | phẩm | dễ | xỉn | màu | bên,0.019 | 0.002 | 0.016 | 0.000 | 0.014 | 0.002 | 0.054 | 0.085 | 0.067 | 0.097 | 0.130 | 0.143 | 0.103 | 0.157 | 0.192 | 0.228 | 0.268 | 0.360 | 0.427 | 0.485 | 0.530 | 0.576 | 0.617 | 0.629 | 0.657 | 0.680 | 0.715 | 0.724 | 0.766 | 0.755 | 0.761 | 0.747 | 0.769 | 0.777 | 0.798 | 0.797 | 0.815 | 0.821 | 0.831 | 0.840 | 0.860 | 0.871 | 0.878 | 0.894 | 0.910 | 0.928 | 0.957 | 0.967 | 0.990 | 1.000,Từ quan trọng nhất ở cuối câu (có thể lệch vị trí),1.0
không xứng đáng hàng ọp ẹp thổi không mạnh quảng cáo tệ,KHÔNG MỈA MAI,0.4214,"tệ, cáo",không | xứng | đáng | hàng | ọp | ẹp | thổi | không | mạnh | quảng | cáo | tệ,0.000 | 0.105 | 0.209 | 0.307 | 0.404 | 0.505 | 0.600 | 0.735 | 0.842 | 0.919 | 0.978 | 1.000,Có dấu hiệu lệch vị trí (tăng đơn điệu đến cuối câu),1.0
màu ghi giao kia rồi bảo giao đúng tui không thích ghi phân loại đen nhận hộp ghi xám full ib hỏi bảo xám đen giao đúng,KHÔNG MỈA MAI,0.3141,"đúng, giao",màu | ghi | giao | kia | rồi | bảo | giao | đúng | tui | không | thích | ghi | phân | loại | đen | nhận | hộp | ghi | xám | full | ib | hỏi | bảo | xám | đen | giao | đúng,0.150 | 0.141 | 0.102 | 0.107 | 0.049 | 0.058 | 0.025 | 0.033 | 0.000 | 0.039 | 0.009 | 0.039 | 0.082 | 0.085 | 0.124 | 0.165 | 0.238 | 0.343 | 0.440 | 0.503 | 0.583 | 0.691 | 0.802 | 0.887 | 0.953 | 0.959 | 1.000,Từ quan trọng nhất ở cuối câu (có thể lệch vị trí),1.0
sản phẩm dạng sữa đặc bôi không nặng mặt dính dấp khó chịu chắc do dưỡng da da hỗn hợp khô điều hoà bôi xong da kiểu bóng bóng xỉn xỉn lỡ quẹt đường mặt chỗ da trắng tái vắt tái chanh hương thơm dễ chịu khả năng chống nắng kiểm chứng nói chung khá thất vọng,MỈA MAI,0.7515,"mặt, đường",sản | phẩm | dạng | sữa | đặc | bôi | không | nặng | mặt | dính | dấp | khó | chịu | chắc | do | dưỡng | da | da | hỗn | hợp | khô | điều | hoà | bôi | xong | da | kiểu | bóng | bóng | xỉn | xỉn | lỡ | quẹt | đường | mặt | chỗ | da | trắng | tái | vắt | tái | chanh | hương | thơm | dễ | chịu | khả | năng | chống | nắng | kiểm | chứng | nói | chung | khá | thất | vọng,0.000 | 0.004 | 0.014 | 0.035 | 0.071 | 0.100 | 0.165 | 0.201 | 0.279 | 0.353 | 0.424 | 0.478 | 0.522 | 0.589 | 0.654 | 0.694 | 0.731 | 0.773 | 0.818 | 0.842 | 0.890 | 0.910 | 0.927 | 0.934 | 0.948 | 0.939 | 0.944 | 0.944 | 0.947 | 0.960 | 0.974 | 0.980 | 0.993 | 0.997 | 1.000 | 0.992 | 0.989 | 0.995 | 0.991 | 0.981 | 0.968 | 0.947 | 0.930 | 0.918 | 0.908 | 0.908 | 0.907 | 0.914 | 0.934 | 0.945,Bình thường,0.69
mùi hương không thích mùi hàng không đúng cửa hàng đăng sản phẩm hình mặt bé chai gởi hàng không,KHÔNG MỈA MAI,0.4968,"không, hàng",mùi | hương | không | thích | mùi | hàng | không | đúng | cửa | hàng | đăng | sản | phẩm | hình | mặt | bé | chai | gởi | hàng | không,0.000 | 0.006 | 0.059 | 0.067 | 0.104 | 0.145 | 0.232 | 0.307 | 0.373 | 0.437 | 0.500 | 0.566 | 0.629 | 0.684 | 0.761 | 0.775 | 0.834 | 0.909 | 0.947 | 1.000,Có dấu hiệu lệch vị trí (tăng đơn điệu đến cuối câu),1.0
loại mặt nạ không nằm giỏ hàng loại mặt nạ nhỏ hẳn dòng khác không phủ hết mặt hiệu quả không rõ rệt dòng mặt nạ hành tím rau má vitamin,MỈA MAI,0.7697,"hành, tím",loại | mặt | nạ | không | nằm | giỏ | hàng | loại | mặt | nạ | nhỏ | hẳn | dòng | khác | không | phủ | hết | mặt | hiệu | quả | không | rõ | rệt | dòng | mặt | nạ | hành | tím | rau | má | vitamin,0.000 | 0.035 | 0.066 | 0.120 | 0.173 | 0.237 | 0.286 | 0.328 | 0.394 | 0.444 | 0.457 | 0.510 | 0.559 | 0.612 | 0.666 | 0.715 | 0.772 | 0.829 | 0.868 | 0.900 | 0.926 | 0.949 | 0.964 | 0.978 | 0.994 | 0.996 | 1.000 | 0.999 | 0.989 | 0.984 | 0.972,Có dấu hiệu lệch vị trí (tăng đơn điệu đến cuối câu),0.87
sản phảm kém chất lượng trầy xước sử dụng sản phẩm mặt hàng khó kiểm tra kỹ việc sâm soi bất khả thi dán dt mới thấy lỗi lẽ mới loại không hộp treo đầu bán thịt tr khách hàng người tiêu dùng mang doanh thu cửa hàng học nguyên tắc củng đạo đức nghề nghiệp cái khách hàng muốn không trả hàng hoàn tiền thái độ thiện chí niềm nở giải quyết cách dễ thương khách hàng lớn rồi khó bảo nói nhiêu mong cửa hàng hiểu,MỈA MAI,0.7411,"treo, đầu",sản | phảm | kém | chất | lượng | trầy | xước | sử | dụng | sản | phẩm | mặt | hàng | khó | kiểm | tra | kỹ | việc | sâm | soi | bất | khả | thi | dán | dt | mới | thấy | lỗi | lẽ | mới | loại | không | hộp | treo | đầu | bán | thịt | tr | khách | hàng | người | tiêu | dùng | mang | doanh | thu | cửa | hàng | học | nguyên | tắc | củng | đạo | đức | nghề | nghiệp | cái | khách | hàng | muốn | không | trả | hàng | hoàn | tiền | thái | độ | thiện | chí | niềm | nở | giải | quyết | cách | dễ | thương | khách | hàng | lớn | rồi | khó | bảo | nói | nhiêu | mong | cửa | hàng | hiểu,0.000 | 0.007 | 0.048 | 0.089 | 0.136 | 0.221 | 0.284 | 0.328 | 0.361 | 0.406 | 0.443 | 0.505 | 0.543 | 0.592 | 0.641 | 0.683 | 0.722 | 0.756 | 0.783 | 0.795 | 0.814 | 0.822 | 0.845 | 0.853 | 0.874 | 0.892 | 0.919 | 0.947 | 0.965 | 0.975 | 0.983 | 0.990 | 0.993 | 1.000 | 0.994 | 0.991 | 0.983 | 0.969 | 0.957 | 0.940 | 0.927 | 0.918 | 0.909 | 0.908 | 0.920 | 0.934 | 0.943 | 0.948 | 0.971 | 0.979,Có dấu hiệu lệch vị trí (tăng đơn điệu đến cuối câu),0.67
buôn bán không rõ ràng tắc trách khách hàng thắc mắc mua lần đầu ổn lần trả lời lỗi do khách,MỈA MAI,0.5746,"khách, do",buôn | bán | không | rõ | ràng | tắc | trách | khách | hàng | thắc | mắc | mua | lần | đầu | ổn | lần | trả | lời | lỗi | do | khách,0.000 | 0.021 | 0.077 | 0.150 | 0.226 | 0.268 | 0.329 | 0.396 | 0.442 | 0.467 | 0.505 | 0.511 | 0.567 | 0.610 | 0.661 | 0.713 | 0.765 | 0.834 | 0.903 | 0.965 | 1.000,Có dấu hiệu lệch vị trí (tăng đơn điệu đến cuối câu),1.0
chai nhận không nguyên vẹn đổ dầu không quay chủ quan không đổi trả không thơm nhân mạnh lần không thơm mùi nhẹ không thơm không ấn tượng mùi chất bình thường tạo độ bóng kém không quán,MỈA MAI,0.7773,"bóng, độ",chai | nhận | không | nguyên | vẹn | đổ | dầu | không | quay | chủ | quan | không | đổi | trả | không | thơm | nhân | mạnh | lần | không | thơm | mùi | nhẹ | không | thơm | không | ấn | tượng | mùi | chất | bình | thường | tạo | độ | bóng | kém | không | quán,0.000 | 0.028 | 0.088 | 0.139 | 0.193 | 0.252 | 0.303 | 0.377 | 0.439 | 0.493 | 0.523 | 0.574 | 0.599 | 0.632 | 0.680 | 0.714 | 0.757 | 0.798 | 0.819 | 0.846 | 0.863 | 0.881 | 0.894 | 0.905 | 0.916 | 0.923 | 0.931 | 0.945 | 0.950 | 0.956 | 0.967 | 0.976 | 0.985 | 0.997 | 1.000 | 0.995 | 0.983 | 0.963,Từ quan trọng nhất ở cuối câu (có thể lệch vị trí),0.92
mua hàng hư hỏng nhắn tin cửa hàng trả lời hời hợt từng dân nghiện sữa dutch lady chắc giờ chuyển qua bên sữa khác hàng vận chuyển kb do vận chuyển do lúc đóng gói phản hồi cửa hàng trl bảo trả lỡ bỏ rửa vứt thùng ướt hết nhũn rồi hỏi cách xử lý khác không cửa hàng không trả lời thất vọng chăm sóc khách hàng sự,KHÔNG MỈA MAI,0.475,"vứt, bỏ",mua | hàng | hư | hỏng | nhắn | tin | cửa | hàng | trả | lời | hời | hợt | từng | dân | nghiện | sữa | dutch | lady | chắc | giờ | chuyển | qua | bên | sữa | khác | hàng | vận | chuyển | kb | do | vận | chuyển | do | lúc | đóng | gói | phản | hồi | cửa | hàng | trl | bảo | trả | lỡ | bỏ | rửa | vứt | thùng | ướt | hết | nhũn | rồi | hỏi | cách | xử | lý | khác | không | cửa | hàng | không | trả | lời | thất | vọng | chăm | sóc | khách | hàng | sự,0.337 | 0.296 | 0.262 | 0.239 | 0.216 | 0.182 | 0.157 | 0.130 | 0.101 | 0.087 | 0.050 | 0.040 | 0.043 | 0.033 | 0.030 | 0.019 | 0.009 | 0.000 | 0.005 | 0.007 | 0.015 | 0.013 | 0.038 | 0.045 | 0.063 | 0.073 | 0.101 | 0.134 | 0.178 | 0.243 | 0.307 | 0.383 | 0.487 | 0.577 | 0.634 | 0.694 | 0.763 | 0.804 | 0.844 | 0.877 | 0.920 | 0.959 | 0.969 | 0.979 | 0.991 | 0.983 | 1.000 | 0.987 | 0.973 | 0.968,Từ quan trọng nhất ở cuối câu (có thể lệch vị trí),0.94
bì mẫu mã mới hương vị ổn không hài lòng cách đóng gói cửa hàng xì bịch sữa chảy ướt thùng giấy ngoài thể không ủng hộ lần,MỈA MAI,0.5415,"không, ủng",bì | mẫu | mã | mới | hương | vị | ổn | không | hài | lòng | cách | đóng | gói | cửa | hàng | xì | bịch | sữa | chảy | ướt | thùng | giấy | ngoài | thể | không | ủng | hộ | lần,0.000 | 0.007 | 0.020 | 0.058 | 0.085 | 0.112 | 0.153 | 0.237 | 0.331 | 0.436 | 0.531 | 0.574 | 0.628 | 0.680 | 0.724 | 0.762 | 0.786 | 0.830 | 0.853 | 0.856 | 0.858 | 0.891 | 0.927 | 0.962 | 1.000 | 0.980 | 0.955 | 0.951,Từ quan trọng nhất ở cuối câu (có thể lệch vị trí),0.89
hộp móp bên ngoài đóng gói cực chắc chắn cửa hàng xem xét hàng móp không gửi khách thấy cmt kêu hàng móp gửi khách cố tình đặt không ngờ dính,MỈA MAI,0.7871,"đặt, tình",hộp | móp | bên | ngoài | đóng | gói | cực | chắc | chắn | cửa | hàng | xem | xét | hàng | móp | không | gửi | khách | thấy | cmt | kêu | hàng | móp | gửi | khách | cố | tình | đặt | không | ngờ | dính,0.000 | 0.070 | 0.146 | 0.219 | 0.273 | 0.328 | 0.396 | 0.457 | 0.499 | 0.547 | 0.585 | 0.623 | 0.665 | 0.699 | 0.741 | 0.767 | 0.798 | 0.836 | 0.864 | 0.888 | 0.907 | 0.918 | 0.938 | 0.945 | 0.963 | 0.975 | 0.992 | 1.000 | 0.988 | 0.978 | 0.963,Có dấu hiệu lệch vị trí (tăng đơn điệu đến cuối câu),0.9
độ mềm tốt xơ bông on hình ảnh khác nhận liệu treo đầu dê bán thịt chó không,KHÔNG MỈA MAI,0.4299,"không, chó",độ | mềm | tốt | xơ | bông | on | hình | ảnh | khác | nhận | liệu | treo | đầu | dê | bán | thịt | chó | không,0.000 | 0.015 | 0.048 | 0.093 | 0.146 | 0.227 | 0.279 | 0.320 | 0.400 | 0.471 | 0.531 | 0.636 | 0.704 | 0.795 | 0.848 | 0.901 | 0.943 | 1.000,Có dấu hiệu lệch vị trí (tăng đơn điệu đến cuối câu),1.0
độ tuổi sử dụng tuổi chất lượng sản phẩm ổn bì mẫu mã chắc chắn đơn đặt hàng quà nhiên hàng giao không quà tặng cửa hàng vui lòng liên hệ gửi bổ sung đúng quà,KHÔNG MỈA MAI,0.4573,"quà, đúng",độ | tuổi | sử | dụng | tuổi | chất | lượng | sản | phẩm | ổn | bì | mẫu | mã | chắc | chắn | đơn | đặt | hàng | quà | nhiên | hàng | giao | không | quà | tặng | cửa | hàng | vui | lòng | liên | hệ | gửi | bổ | sung | đúng | quà,0.234 | 0.197 | 0.164 | 0.127 | 0.090 | 0.074 | 0.058 | 0.047 | 0.032 | 0.027 | 0.019 | 0.008 | 0.000 | 0.016 | 0.017 | 0.034 | 0.077 | 0.107 | 0.150 | 0.168 | 0.202 | 0.227 | 0.304 | 0.364 | 0.422 | 0.477 | 0.535 | 0.603 | 0.694 | 0.730 | 0.801 | 0.835 | 0.895 | 0.953 | 0.986 | 1.000,Từ quan trọng nhất ở cuối câu (có thể lệch vị trí),1.0
hương thơm không lợi ích ch biet mẹo không thiếu quà tặng giải quyết vấn đề lâu nhắn tin giải quyết lâu mới trả lời,MỈA MAI,0.6058,"lời, trả",hương | thơm | không | lợi | ích | ch | biet | mẹo | không | thiếu | quà | tặng | giải | quyết | vấn | đề | lâu | nhắn | tin | giải | quyết | lâu | mới | trả | lời,0.000 | 0.000 | 0.037 | 0.044 | 0.052 | 0.064 | 0.071 | 0.055 | 0.100 | 0.138 | 0.186 | 0.228 | 0.305 | 0.391 | 0.461 | 0.532 | 0.606 | 0.686 | 0.745 | 0.822 | 0.885 | 0.926 | 0.966 | 0.982 | 1.000,Có dấu hiệu lệch vị trí (tăng đơn điệu đến cuối câu),1.0
chăm sóc khách hàng kém hàng gửi chả cod tem dán niêm phong gig gửi caia chai mở dùng rồi đúng tệ,MỈA MAI,0.639,"tệ, đúng",chăm | sóc | khách | hàng | kém | hàng | gửi | chả | cod | tem | dán | niêm | phong | gig | gửi | caia | chai | mở | dùng | rồi | đúng | tệ,0.000 | 0.059 | 0.136 | 0.197 | 0.281 | 0.355 | 0.420 | 0.490 | 0.537 | 0.615 | 0.650 | 0.690 | 0.731 | 0.761 | 0.794 | 0.824 | 0.868 | 0.913 | 0.945 | 0.965 | 0.994 | 1.000,Có dấu hiệu lệch vị trí (tăng đơn điệu đến cuối câu),1.0
giao hàng nhanh nhận không hộp tuýp kem phản ánh cửa hàng bảo rút kinh nghiệm chứ không giải thích nói chung chán,MỈA MAI,0.548,"chán, chung",giao | hàng | nhanh | nhận | không | hộp | tuýp | kem | phản | ánh | cửa | hàng | bảo | rút | kinh | nghiệm | chứ | không | giải | thích | nói | chung | chán,0.013 | 0.008 | 0.000 | 0.011 | 0.052 | 0.092 | 0.143 | 0.173 | 0.230 | 0.291 | 0.343 | 0.395 | 0.475 | 0.546 | 0.608 | 0.672 | 0.724 | 0.807 | 0.880 | 0.913 | 0.953 | 0.984 | 1.000,Có dấu hiệu lệch vị trí (tăng đơn điệu đến cuối câu),1.0
sạch ổn mát lạnh ổn hương thơm ổn giao hàng lâu hàng móp méo,KHÔNG MỈA MAI,0.1406,"móp, méo",sạch | ổn | mát | lạnh | ổn | hương | thơm | ổn | giao | hàng | lâu | hàng | móp | méo,0.644 | 0.547 | 0.392 | 0.000 | 0.096 | 0.112 | 0.141 | 0.333 | 0.132 | 0.208 | 0.261 | 0.270 | 1.000 | 0.845,Từ quan trọng nhất ở cuối câu (có thể lệch vị trí),0.92
hủy điwn giao lạthees khổ síp pi uy tín gia tộc thể cắt tiền tỷ thức trách nhiệm bất hiếu,MỈA MAI,0.7177,"hiếu, bất",hủy | điwn | giao | lạthees | khổ | síp | pi | uy | tín | gia | tộc | thể | cắt | tiền | tỷ | thức | trách | nhiệm | bất | hiếu,0.000 | 0.049 | 0.076 | 0.131 | 0.187 | 0.261 | 0.343 | 0.447 | 0.552 | 0.645 | 0.724 | 0.788 | 0.842 | 0.875 | 0.914 | 0.944 | 0.967 | 0.983 | 0.994 | 1.000,Có dấu hiệu lệch vị trí (tăng đơn điệu đến cuối câu),1.0
bì mẫu mã nhu mo ta hương vị kem đặc đường giao hàng nhanh đóng gói cẩu thả mở hộp bịch sữa không thấy bọc lớp mua shopee mall uy tín khấu đóng hàng thất vọng nhìn hộp sữa không thấy mới,KHÔNG MỈA MAI,0.0982,"bì, mẫu",bì | mẫu | mã | nhu | mo | ta | hương | vị | kem | đặc | đường | giao | hàng | nhanh | đóng | gói | cẩu | thả | mở | hộp | bịch | sữa | không | thấy | bọc | lớp | mua | shopee | mall | uy | tín | khấu | đóng | hàng | thất | vọng | nhìn | hộp | sữa | không | thấy | mới,1.000 | 0.928 | 0.860 | 0.758 | 0.658 | 0.538 | 0.464 | 0.390 | 0.321 | 0.280 | 0.236 | 0.191 | 0.163 | 0.136 | 0.115 | 0.100 | 0.092 | 0.086 | 0.080 | 0.075 | 0.064 | 0.058 | 0.056 | 0.049 | 0.041 | 0.037 | 0.029 | 0.026 | 0.022 | 0.025 | 0.027 | 0.023 | 0.021 | 0.020 | 0.022 | 0.020 | 0.015 | 0.016 | 0.012 | 0.011 | 0.005 | 0.000,Bình thường,0.0
ngoại hình ổn chất lượng con dính con lỗi đen dính tình trạng bên tiếng ying ting kbt thế nhắn cửa hàng rồi chx thấy trl bên tiếng lạ không ảnh hưởng ng khó tính tiếng lạ khó chịu rồi tặng cửa hàng,MỈA MAI,0.7703,"tiếng, lạ",ngoại | hình | ổn | chất | lượng | con | dính | con | lỗi | đen | dính | tình | trạng | bên | tiếng | ying | ting | kbt | thế | nhắn | cửa | hàng | rồi | chx | thấy | trl | bên | tiếng | lạ | không | ảnh | hưởng | ng | khó | tính | tiếng | lạ | khó | chịu | rồi | tặng | cửa | hàng,0.000 | 0.001 | 0.019 | 0.050 | 0.087 | 0.129 | 0.197 | 0.252 | 0.330 | 0.393 | 0.466 | 0.512 | 0.564 | 0.632 | 0.690 | 0.729 | 0.769 | 0.808 | 0.834 | 0.854 | 0.868 | 0.874 | 0.890 | 0.909 | 0.928 | 0.944 | 0.964 | 0.974 | 0.974 | 0.969 | 0.973 | 0.979 | 0.978 | 0.983 | 0.986 | 1.000 | 0.997 | 0.989 | 0.980 | 0.974 | 0.966 | 0.951 | 0.918,Từ quan trọng nhất ở cuối câu (có thể lệch vị trí),0.83
độ dịu nhẹ sử dụng biết sạch dùng biết mùi thơm dùng nước giặt omo matic quần áo bé yêu 1kg túi đóng gói sơ xài băng keo không dán thùng mở túi trầy hết,KHÔNG MỈA MAI,0.2441,"độ, dịu",độ | dịu | nhẹ | sử | dụng | biết | sạch | dùng | biết | mùi | thơm | dùng | nước | giặt | omo | matic | quần | áo | bé | yêu | 1kg | túi | đóng | gói | sơ | xài | băng | keo | không | dán | thùng | mở | túi | trầy | hết,1.000 | 0.803 | 0.697 | 0.556 | 0.415 | 0.314 | 0.219 | 0.169 | 0.117 | 0.073 | 0.021 | 0.000 | 0.087 | 0.115 | 0.092 | 0.072 | 0.089 | 0.142 | 0.054 | 0.076 | 0.105 | 0.183 | 0.184 | 0.202 | 0.255 | 0.255 | 0.285 | 0.357 | 0.488 | 0.510 | 0.469 | 0.495 | 0.550 | 0.660 | 0.644,Bình thường,0.0
đẹp da mụn lợi ích giao không đủ sao không nhận quà đơn hàng báo mua tặng bì tot,KHÔNG MỈA MAI,0.1915,"hàng, đơn",đẹp | da | mụn | lợi | ích | giao | không | đủ | sao | không | nhận | quà | đơn | hàng | báo | mua | tặng | bì | tot,0.210 | 0.168 | 0.273 | 0.287 | 0.295 | 0.267 | 0.429 | 0.309 | 0.431 | 0.610 | 0.712 | 0.819 | 0.924 | 1.000 | 0.923 | 0.664 | 0.580 | 0.402 | 0.000,Bình thường,0.72
chất lượng dịch vụ tệ ghi rõ ràng đặt hàng quà tặng nhận hoàn toàn không nhắn tin hỏi cửa hàng bơ khách hàng không buồn trả lời không uy tín xem thừơng khách hàng món quà nhỏ nó không đáng đánh giá chất lượng dịch vụ shoppee mall đáng sao chọn shoppee mall gặp trường hợp tệ vầy yêu cầu shoppee xem không quay,MỈA MAI,0.7725,"lời, uy",chất | lượng | dịch | vụ | tệ | ghi | rõ | ràng | đặt | hàng | quà | tặng | nhận | hoàn | toàn | không | nhắn | tin | hỏi | cửa | hàng | bơ | khách | hàng | không | buồn | trả | lời | không | uy | tín | xem | thừơng | khách | hàng | món | quà | nhỏ | nó | không | đáng | đánh | giá | chất | lượng | dịch | vụ | shoppee | mall | đáng | sao | chọn | shoppee | mall | gặp | trường | hợp | tệ | vầy | yêu | cầu | shoppee | xem | không | quay,0.000 | 0.020 | 0.043 | 0.064 | 0.091 | 0.145 | 0.226 | 0.311 | 0.401 | 0.466 | 0.541 | 0.596 | 0.652 | 0.698 | 0.741 | 0.786 | 0.830 | 0.868 | 0.900 | 0.918 | 0.925 | 0.940 | 0.956 | 0.960 | 0.969 | 0.975 | 0.987 | 1.000 | 0.997 | 0.997 | 0.991 | 0.985 | 0.985 | 0.974 | 0.963 | 0.959 | 0.950 | 0.940 | 0.943 | 0.935 | 0.931 | 0.920 | 0.920 | 0.917 | 0.916 | 0.923 | 0.933 | 0.947 | 0.967 | 0.980,Có dấu hiệu lệch vị trí (tăng đơn điệu đến cuối câu),0.55
không bán cùng quà sao hình thế giao hàng nhanh,KHÔNG MỈA MAI,0.2959,"nhanh, hàng",không | bán | cùng | quà | sao | hình | thế | giao | hàng | nhanh,0.000 | 0.111 | 0.289 | 0.436 | 0.596 | 0.705 | 0.830 | 0.895 | 0.968 | 1.000,Có dấu hiệu lệch vị trí (tăng đơn điệu đến cuối câu),1.0
tóc mượt dùng kem thấy tóc trở mềm mượt hẳn giảm gãy rụng dùng kem thấy tóc nó rụng gội không rụng dùng tới lúc vuốt tóc thấy nó rụng mua tặng thấy tuỳ chọn quà tặng loại sữa dưỡng thể chọn sl mua nhận sl hỏi cửa hàng cửa hàng bảo chọn quà tặng sự khó hiểu cách cửa hàng,MỈA MAI,0.654,"cửa, tuỳ",tóc | mượt | dùng | kem | thấy | tóc | trở | mềm | mượt | hẳn | giảm | gãy | rụng | dùng | kem | thấy | tóc | nó | rụng | gội | không | rụng | dùng | tới | lúc | vuốt | tóc | thấy | nó | rụng | mua | tặng | thấy | tuỳ | chọn | quà | tặng | loại | sữa | dưỡng | thể | chọn | sl | mua | nhận | sl | hỏi | cửa | hàng | cửa | hàng | bảo | chọn | quà | tặng | sự | khó | hiểu | cách | cửa | hàng,0.000 | 0.001 | 0.011 | 0.000 | 0.027 | 0.059 | 0.056 | 0.076 | 0.103 | 0.132 | 0.117 | 0.088 | 0.104 | 0.125 | 0.126 | 0.165 | 0.224 | 0.329 | 0.399 | 0.470 | 0.564 | 0.634 | 0.703 | 0.704 | 0.759 | 0.775 | 0.825 | 0.865 | 0.919 | 0.948 | 0.931 | 0.959 | 0.980 | 0.999 | 0.984 | 0.997 | 0.990 | 0.976 | 0.972 | 0.972 | 0.986 | 0.964 | 0.962 | 0.919 | 0.939 | 0.948 | 0.973 | 0.983 | 0.994 | 1.000,Từ quan trọng nhất ở cuối câu (có thể lệch vị trí),1.0
hương thơm thơm chai cùng loại xài trước không quà tặng kèm quảng cáo,KHÔNG MỈA MAI,0.3084,"cáo, quảng",hương | thơm | thơm | chai | cùng | loại | xài | trước | không | quà | tặng | kèm | quảng | cáo,0.000 | 0.024 | 0.061 | 0.108 | 0.219 | 0.276 | 0.347 | 0.482 | 0.619 | 0.731 | 0.824 | 0.870 | 0.949 | 1.000,Có dấu hiệu lệch vị trí (tăng đơn điệu đến cuối câu),1.0
hình ảnh mang tính chất họa hàng chính hãng không bàn rồi cửa hàng đóng gói không chắc chắn quấn lớp ny lông giao tới bể mất bịch,KHÔNG MỈA MAI,0.0788,"hình, ảnh",hình | ảnh | mang | tính | chất | họa | hàng | chính | hãng | không | bàn | rồi | cửa | hàng | đóng | gói | không | chắc | chắn | quấn | lớp | ny | lông | giao | tới | bể | mất | bịch,1.000 | 0.878 | 0.750 | 0.633 | 0.569 | 0.489 | 0.431 | 0.371 | 0.327 | 0.308 | 0.261 | 0.220 | 0.198 | 0.176 | 0.154 | 0.139 | 0.135 | 0.128 | 0.115 | 0.105 | 0.091 | 0.076 | 0.059 | 0.046 | 0.031 | 0.020 | 0.011 | 0.000,Bình thường,0.0
chả thơm quảng cáo mùi thơm nhất thứ lọ mới nước bên vơi gần nửa thất vọng,MỈA MAI,0.6374,"vọng, thất",chả | thơm | quảng | cáo | mùi | thơm | nhất | thứ | lọ | mới | nước | bên | vơi | gần | nửa | thất | vọng,0.000 | 0.020 | 0.059 | 0.103 | 0.148 | 0.202 | 0.284 | 0.372 | 0.466 | 0.561 | 0.670 | 0.763 | 0.840 | 0.893 | 0.941 | 0.980 | 1.000,Có dấu hiệu lệch vị trí (tăng đơn điệu đến cuối câu),1.0
đẹp chống nắng hương thơm nhẹ nhàng lợi ích chống nắng nhận hàng móp méo đóng gói sơ sài,KHÔNG MỈA MAI,0.1761,"méo, móp",đẹp | chống | nắng | hương | thơm | nhẹ | nhàng | lợi | ích | chống | nắng | nhận | hàng | móp | méo | đóng | gói | sơ | sài,0.416 | 0.212 | 0.159 | 0.138 | 0.196 | 0.396 | 0.441 | 0.372 | 0.251 | 0.123 | 0.000 | 0.000 | 0.046 | 0.838 | 1.000 | 0.726 | 0.639 | 0.588 | 0.247,Bình thường,0.78
cửa hàng đóng hàng hạch giờ đơn shopee nhận hàng rách te tua may cái vỏ chai dày cái chai tặng rơi nửa người giao hàng nhét hộ ăn không tâm tí shopee ăn không tâm tí đổi đơn vị ffm coiiiii,MỈA MAI,0.6972,"ffm, vị",cửa | hàng | đóng | hàng | hạch | giờ | đơn | shopee | nhận | hàng | rách | te | tua | may | cái | vỏ | chai | dày | cái | chai | tặng | rơi | nửa | người | giao | hàng | nhét | hộ | ăn | không | tâm | tí | shopee | ăn | không | tâm | tí | đổi | đơn | vị | ffm | coiiiii,0.010 | 0.006 | 0.000 | 0.007 | 0.045 | 0.078 | 0.120 | 0.143 | 0.181 | 0.217 | 0.292 | 0.340 | 0.413 | 0.452 | 0.484 | 0.530 | 0.570 | 0.623 | 0.651 | 0.678 | 0.703 | 0.731 | 0.748 | 0.751 | 0.758 | 0.774 | 0.800 | 0.798 | 0.808 | 0.845 | 0.873 | 0.896 | 0.906 | 0.913 | 0.946 | 0.966 | 0.984 | 0.979 | 0.993 | 0.996 | 1.000 | 0.988,Có dấu hiệu lệch vị trí (tăng đơn điệu đến cuối câu),0.98
hộp móp rách nát giao hàng cái hộp giao chán cửa hàng thiệt máy cắm điện biết bền không,KHÔNG MỈA MAI,0.3765,"không, biết",hộp | móp | rách | nát | giao | hàng | cái | hộp | giao | chán | cửa | hàng | thiệt | máy | cắm | điện | biết | bền | không,0.000 | 0.097 | 0.193 | 0.243 | 0.290 | 0.363 | 0.424 | 0.508 | 0.557 | 0.615 | 0.678 | 0.730 | 0.757 | 0.832 | 0.894 | 0.935 | 0.970 | 0.949 | 1.000,Từ quan trọng nhất ở cuối câu (có thể lệch vị trí),1.0
nhà người giao hàng quen toàn vất hàng cổng sợ mất hàng giá trị cao note che tên sản phẩm nhắn tin riêng cửa hàng nhận lần thứ mua ntn rồi lần trước cửa hàng nhắn tin kêu sửa đánh giá lần không,MỈA MAI,0.5257,"kêu, sửa",nhà | người | giao | hàng | quen | toàn | vất | hàng | cổng | sợ | mất | hàng | giá | trị | cao | note | che | tên | sản | phẩm | nhắn | tin | riêng | cửa | hàng | nhận | lần | thứ | mua | ntn | rồi | lần | trước | cửa | hàng | nhắn | tin | kêu | sửa | đánh | giá | lần | không,0.140 | 0.085 | 0.032 | 0.010 | 0.000 | 0.014 | 0.042 | 0.055 | 0.095 | 0.152 | 0.161 | 0.166 | 0.144 | 0.198 | 0.254 | 0.289 | 0.293 | 0.346 | 0.393 | 0.431 | 0.481 | 0.492 | 0.537 | 0.554 | 0.575 | 0.615 | 0.660 | 0.726 | 0.665 | 0.740 | 0.709 | 0.738 | 0.832 | 0.860 | 0.887 | 0.937 | 0.942 | 1.000 | 0.944 | 0.885 | 0.797 | 0.752 | 0.742,Từ quan trọng nhất ở cuối câu (có thể lệch vị trí),0.88
bì đẹp mẹo thấy giá nó cứ sao sao nó rẻ xíu yêu xấu nhất thế giới thấy chất dở hơi ấy sợ nó bận rồi móc méo không vừa hỏng tụt tụt nọ mong cửa hàng,MỈA MAI,0.6958,"mong, nọ",bì | đẹp | mẹo | thấy | giá | nó | cứ | sao | sao | nó | rẻ | xíu | yêu | xấu | nhất | thế | giới | thấy | chất | dở | hơi | ấy | sợ | nó | bận | rồi | móc | méo | không | vừa | hỏng | tụt | tụt | nọ | mong | cửa | hàng,0.054 | 0.046 | 0.016 | 0.022 | 0.000 | 0.031 | 0.035 | 0.058 | 0.085 | 0.134 | 0.133 | 0.162 | 0.192 | 0.205 | 0.242 | 0.277 | 0.320 | 0.374 | 0.424 | 0.464 | 0.518 | 0.561 | 0.619 | 0.678 | 0.724 | 0.747 | 0.809 | 0.847 | 0.886 | 0.915 | 0.947 | 0.967 | 0.984 | 0.996 | 1.000 | 0.996 | 0.975,Từ quan trọng nhất ở cuối câu (có thể lệch vị trí),0.94
mùi hương thơm nhẹ dành tóc xịt tóc bết công dụng khô tóc bết đọc review người khen hiệu quả mua dùng thử hơi thất vọng xịt tóc bết không hề khô ráo quảng cáo thấy tóc bóng bết trước xịt nói chung không tác dụng đối tóc,MỈA MAI,0.7723,"tóc, xịt",mùi | hương | thơm | nhẹ | dành | tóc | xịt | tóc | bết | công | dụng | khô | tóc | bết | đọc | review | người | khen | hiệu | quả | mua | dùng | thử | hơi | thất | vọng | xịt | tóc | bết | không | hề | khô | ráo | quảng | cáo | thấy | tóc | bóng | bết | trước | xịt | nói | chung | không | tác | dụng | đối | tóc,0.000 | 0.000 | 0.010 | 0.027 | 0.051 | 0.099 | 0.154 | 0.216 | 0.315 | 0.375 | 0.431 | 0.523 | 0.587 | 0.660 | 0.700 | 0.737 | 0.773 | 0.808 | 0.842 | 0.865 | 0.877 | 0.906 | 0.935 | 0.957 | 0.981 | 0.991 | 0.998 | 1.000 | 0.995 | 0.988 | 0.995 | 0.994 | 0.983 | 0.979 | 0.976 | 0.972 | 0.970 | 0.975 | 0.973 | 0.973 | 0.970 | 0.971 | 0.961 | 0.957 | 0.951 | 0.949 | 0.946 | 0.939,Có dấu hiệu lệch vị trí (tăng đơn điệu đến cuối câu),0.57
chất liệu không biết thể vải nhung màu sắc kem đúng mô tả đúng hơi trầy xước rách nhẹ,KHÔNG MỈA MAI,0.4647,"nhẹ, rách",chất | liệu | không | biết | thể | vải | nhung | màu | sắc | kem | đúng | mô | tả | đúng | hơi | trầy | xước | rách | nhẹ,0.000 | 0.011 | 0.078 | 0.122 | 0.200 | 0.272 | 0.348 | 0.397 | 0.439 | 0.479 | 0.547 | 0.572 | 0.600 | 0.672 | 0.735 | 0.825 | 0.894 | 0.974 | 1.000,Có dấu hiệu lệch vị trí (tăng đơn điệu đến cuối câu),1.0
sữa giao date gần chả biết giao hàng kiểu bục túi thối hoắc lúc nhận không thấy bục mở hôm mới mở thấy rỉ sữa hoắc rửa mấy túi kia uống túi không bục song thấy đau bụng mua mấy lần lần kia ổn lần yêu cầu nhà bán hàng hết sức,MỈA MAI,0.671,"kia, lần",sữa | giao | date | gần | chả | biết | giao | hàng | kiểu | bục | túi | thối | hoắc | lúc | nhận | không | thấy | bục | mở | hôm | mới | mở | thấy | rỉ | sữa | hoắc | rửa | mấy | túi | kia | uống | túi | không | bục | song | thấy | đau | bụng | mua | mấy | lần | lần | kia | ổn | lần | yêu | cầu | nhà | bán | hàng | hết | sức,0.212 | 0.175 | 0.134 | 0.103 | 0.078 | 0.054 | 0.024 | 0.009 | 0.000 | 0.010 | 0.021 | 0.023 | 0.031 | 0.047 | 0.058 | 0.095 | 0.135 | 0.201 | 0.256 | 0.325 | 0.396 | 0.459 | 0.528 | 0.587 | 0.642 | 0.690 | 0.718 | 0.770 | 0.813 | 0.855 | 0.889 | 0.917 | 0.942 | 0.967 | 0.973 | 0.984 | 0.993 | 0.998 | 0.986 | 0.998 | 0.997 | 0.998 | 1.000 | 0.993 | 0.988 | 0.986 | 0.982 | 0.984 | 0.997 | 0.997,Từ quan trọng nhất ở cuối câu (có thể lệch vị trí),0.86
mua sữa chua đọc đánh giá thấy bảo hộp rỉ sét móp giao nghĩ chắc không sao nhận hàng thấy không móp rỉ sét mừng dè lúc khui thấy kiểu lợi đường bọt hình thấy nản nhắn cửa hàng bảo không đổi màu mùi không sao dùng thất vọng mua vài lần sữa tươi túi kem đặc thấy ổn mua tiếp không mua sữa họp,MỈA MAI,0.6307,"vọng, thất",mua | sữa | chua | đọc | đánh | giá | thấy | bảo | hộp | rỉ | sét | móp | giao | nghĩ | chắc | không | sao | nhận | hàng | thấy | không | móp | rỉ | sét | mừng | dè | lúc | khui | thấy | kiểu | lợi | đường | bọt | hình | thấy | nản | nhắn | cửa | hàng | bảo | không | đổi | màu | mùi | không | sao | dùng | thất | vọng | mua | vài | lần | sữa | tươi | túi | kem | đặc | thấy | ổn | mua | tiếp | không | mua | sữa | họp,0.221 | 0.183 | 0.144 | 0.116 | 0.077 | 0.041 | 0.026 | 0.016 | 0.008 | 0.003 | 0.000 | 0.012 | 0.007 | 0.009 | 0.023 | 0.045 | 0.074 | 0.105 | 0.137 | 0.182 | 0.249 | 0.335 | 0.406 | 0.477 | 0.554 | 0.622 | 0.687 | 0.732 | 0.775 | 0.809 | 0.835 | 0.850 | 0.852 | 0.854 | 0.864 | 0.873 | 0.887 | 0.899 | 0.905 | 0.924 | 0.940 | 0.945 | 0.954 | 0.960 | 0.972 | 0.981 | 0.982 | 0.995 | 1.000 | 0.991,Từ quan trọng nhất ở cuối câu (có thể lệch vị trí),0.98
chất lượng sản phẩm tệ lúc trước thấy sản phẩm ổn giờ tệ hộp rách rồi dán băng keo tùm lum thùng xơ xài giờ thêm kiểu đánh đố khách hàng đúng hết nhận quà mua không nhắn tin tư vấn nói chuyện qua loa mọi người cẩn thận,MỈA MAI,0.7238,"nhắn, tin",chất | lượng | sản | phẩm | tệ | lúc | trước | thấy | sản | phẩm | ổn | giờ | tệ | hộp | rách | rồi | dán | băng | keo | tùm | lum | thùng | xơ | xài | giờ | thêm | kiểu | đánh | đố | khách | hàng | đúng | hết | nhận | quà | mua | không | nhắn | tin | tư | vấn | nói | chuyện | qua | loa | mọi | người | cẩn | thận,0.000 | 0.021 | 0.055 | 0.085 | 0.120 | 0.180 | 0.261 | 0.318 | 0.370 | 0.416 | 0.471 | 0.528 | 0.574 | 0.633 | 0.697 | 0.700 | 0.727 | 0.755 | 0.789 | 0.808 | 0.822 | 0.820 | 0.843 | 0.846 | 0.858 | 0.863 | 0.877 | 0.877 | 0.893 | 0.916 | 0.932 | 0.951 | 0.966 | 0.977 | 0.982 | 0.967 | 0.990 | 1.000 | 0.999 | 0.991 | 0.985 | 0.971 | 0.950 | 0.924 | 0.905 | 0.867 | 0.857 | 0.831 | 0.814,Bình thường,0.77
hiệu ứng đẹp che phủ tầm trung lợi ích lâu trôi cửa hàng giao hàng nhanh dùng màu tệp da sáng tone nuetral ấm chất kem lỏng dễ tán nhanh nhanh nhanh tay chứ nó khô tán mỏng không dày nặng mặt lâu trôi tone nhẹ đánh 6h30 sáng văn phòng 11h30 tone lớp che phủ trung bình vết tàn nhang gò má không che hết ckđ nua,MỈA MAI,0.6626,"văn, sáng",hiệu | ứng | đẹp | che | phủ | tầm | trung | lợi | ích | lâu | trôi | cửa | hàng | giao | hàng | nhanh | dùng | màu | tệp | da | sáng | tone | nuetral | ấm | chất | kem | lỏng | dễ | tán | nhanh | nhanh | nhanh | tay | chứ | nó | khô | tán | mỏng | không | dày | nặng | mặt | lâu | trôi | tone | nhẹ | đánh | 6h30 | sáng | văn | phòng | 11h30 | tone | lớp | che | phủ | trung | bình | vết | tàn | nhang | gò | má | không | che | hết | ckđ | nua,0.000 | 0.040 | 0.081 | 0.093 | 0.137 | 0.208 | 0.230 | 0.250 | 0.253 | 0.260 | 0.281 | 0.284 | 0.291 | 0.287 | 0.300 | 0.298 | 0.331 | 0.346 | 0.367 | 0.360 | 0.396 | 0.389 | 0.425 | 0.451 | 0.464 | 0.452 | 0.470 | 0.430 | 0.439 | 0.431 | 0.438 | 0.442 | 0.469 | 0.482 | 0.547 | 0.627 | 0.664 | 0.709 | 0.768 | 0.809 | 0.833 | 0.880 | 0.888 | 0.905 | 0.918 | 0.939 | 0.945 | 0.968 | 0.996 | 1.000,Từ quan trọng nhất ở cuối câu (có thể lệch vị trí),1.0
thùng gói đóng gói nước dính ước tùm lum tà la thùng dán keo rách hết bên ngoài đóng gói con uống chắc đem chôn sớm đừng bán sữa hại người mọi người cân nhắc mua,MỈA MAI,0.6099,"người, cân",thùng | gói | đóng | gói | nước | dính | ước | tùm | lum | tà | la | thùng | dán | keo | rách | hết | bên | ngoài | đóng | gói | con | uống | chắc | đem | chôn | sớm | đừng | bán | sữa | hại | người | mọi | người | cân | nhắc | mua,0.060 | 0.040 | 0.015 | 0.000 | 0.022 | 0.044 | 0.060 | 0.078 | 0.094 | 0.136 | 0.156 | 0.161 | 0.173 | 0.213 | 0.269 | 0.311 | 0.395 | 0.475 | 0.527 | 0.583 | 0.639 | 0.696 | 0.767 | 0.802 | 0.858 | 0.882 | 0.928 | 0.957 | 0.977 | 0.994 | 1.000 | 0.983 | 0.992 | 0.995 | 0.990 | 0.935,Từ quan trọng nhất ở cuối câu (có thể lệch vị trí),0.86
tóc ổn giao hàng nhanh quà tặng đổ hết nửa quà tặng lưu nhớ ghi số lượng,KHÔNG MỈA MAI,0.393,"lượng, số",tóc | ổn | giao | hàng | nhanh | quà | tặng | đổ | hết | nửa | quà | tặng | lưu | nhớ | ghi | số | lượng,0.000 | 0.022 | 0.037 | 0.075 | 0.107 | 0.172 | 0.228 | 0.303 | 0.379 | 0.478 | 0.577 | 0.661 | 0.757 | 0.850 | 0.925 | 0.955 | 1.000,Có dấu hiệu lệch vị trí (tăng đơn điệu đến cuối câu),1.0
chữ meinchina không thích mấy không bt hàng giả không,KHÔNG MỈA MAI,0.3325,"không, giả",chữ | meinchina | không | thích | mấy | không | bt | hàng | giả | không,0.000 | 0.093 | 0.237 | 0.315 | 0.458 | 0.615 | 0.726 | 0.834 | 0.905 | 1.000,Có dấu hiệu lệch vị trí (tăng đơn điệu đến cuối câu),1.0
dành da thường mùi hương thơm công dụng kiềm dầu sáng da mới dùng biết hình quà tặng giúp không mua lần cửa hàng rồi nay thất vọng ghê,KHÔNG MỈA MAI,0.3597,"ghê, vọng",dành | da | thường | mùi | hương | thơm | công | dụng | kiềm | dầu | sáng | da | mới | dùng | biết | hình | quà | tặng | giúp | không | mua | lần | cửa | hàng | rồi | nay | thất | vọng | ghê,0.141 | 0.098 | 0.079 | 0.061 | 0.047 | 0.041 | 0.023 | 0.000 | 0.011 | 0.014 | 0.047 | 0.037 | 0.076 | 0.104 | 0.134 | 0.147 | 0.193 | 0.236 | 0.252 | 0.360 | 0.340 | 0.407 | 0.470 | 0.525 | 0.539 | 0.615 | 0.739 | 0.844 | 1.000,Từ quan trọng nhất ở cuối câu (có thể lệch vị trí),1.0
chất lượng tệ dưỡng ẩm lúc khô căng lần đầu trải nghiệm son 3ce thất vọng mức nhân viên đảm bảo màu đẹp không ánh tím tô thâm sì môi người chết lúc thấy son chuyển ánh tím điên,MỈA MAI,0.6721,"ánh, tím",chất | lượng | tệ | dưỡng | ẩm | lúc | khô | căng | lần | đầu | trải | nghiệm | son | 3ce | thất | vọng | mức | nhân | viên | đảm | bảo | màu | đẹp | không | ánh | tím | tô | thâm | sì | môi | người | chết | lúc | thấy | son | chuyển | ánh | tím | điên,0.000 | 0.006 | 0.008 | 0.029 | 0.019 | 0.050 | 0.112 | 0.103 | 0.129 | 0.145 | 0.183 | 0.205 | 0.209 | 0.242 | 0.306 | 0.366 | 0.401 | 0.462 | 0.510 | 0.547 | 0.605 | 0.636 | 0.675 | 0.730 | 0.777 | 0.812 | 0.846 | 0.863 | 0.881 | 0.883 | 0.900 | 0.915 | 0.949 | 0.968 | 0.971 | 0.990 | 1.000 | 0.999 | 0.977,Từ quan trọng nhất ở cuối câu (có thể lệch vị trí),0.95
bảo tặng dưỡng thể vaseline màu xanh không,KHÔNG MỈA MAI,0.2119,"không, xanh",bảo | tặng | dưỡng | thể | vaseline | màu | xanh | không,0.000 | 0.131 | 0.297 | 0.512 | 0.690 | 0.799 | 0.866 | 1.000,Có dấu hiệu lệch vị trí (tăng đơn điệu đến cuối câu),1.0
bì vòi thiết kế sử dụng nhìn không vệ sinh không tem nêm phong nắp lẫn vòi chai người tiêu dùng khó thể phần biệt sản phẩm mở thế trình vận chuyển tinh chất chảy ngay vòi,MỈA MAI,0.7149,"chảy, ngay",bì | vòi | thiết | kế | sử | dụng | nhìn | không | vệ | sinh | không | tem | nêm | phong | nắp | lẫn | vòi | chai | người | tiêu | dùng | khó | thể | phần | biệt | sản | phẩm | mở | thế | trình | vận | chuyển | tinh | chất | chảy | ngay | vòi,0.000 | 0.009 | 0.011 | 0.013 | 0.014 | 0.014 | 0.003 | 0.042 | 0.042 | 0.041 | 0.081 | 0.137 | 0.182 | 0.233 | 0.288 | 0.330 | 0.390 | 0.435 | 0.476 | 0.520 | 0.568 | 0.615 | 0.670 | 0.697 | 0.742 | 0.778 | 0.815 | 0.854 | 0.889 | 0.915 | 0.944 | 0.969 | 0.986 | 0.996 | 1.000 | 0.997 | 0.979,Có dấu hiệu lệch vị trí (tăng đơn điệu đến cuối câu),0.94
đúng mô tả giá sự không hài lòng túi nhẹ cầm không chắc tay giá mấy không xứng đáng thấy quảng cáo sự không giống quảng cáo nhìn vẻ rẻ tiền,MỈA MAI,0.7361,"giống, quảng",đúng | mô | tả | giá | sự | không | hài | lòng | túi | nhẹ | cầm | không | chắc | tay | giá | mấy | không | xứng | đáng | thấy | quảng | cáo | sự | không | giống | quảng | cáo | nhìn | vẻ | rẻ | tiền,0.060 | 0.038 | 0.017 | 0.000 | 0.020 | 0.053 | 0.099 | 0.161 | 0.224 | 0.282 | 0.350 | 0.436 | 0.526 | 0.601 | 0.653 | 0.718 | 0.783 | 0.845 | 0.888 | 0.921 | 0.949 | 0.971 | 0.990 | 0.994 | 1.000 | 0.999 | 0.996 | 0.986 | 0.978 | 0.968 | 0.967,Từ quan trọng nhất ở cuối câu (có thể lệch vị trí),0.8
âm thanh thỉnh thoảng lỗi lúc lúc không cảm giác không ổn không diễn tả bằng video,KHÔNG MỈA MAI,0.4215,"video, bằng",âm | thanh | thỉnh | thoảng | lỗi | lúc | lúc | không | cảm | giác | không | ổn | không | diễn | tả | bằng | video,0.000 | 0.020 | 0.042 | 0.090 | 0.173 | 0.255 | 0.339 | 0.451 | 0.520 | 0.586 | 0.698 | 0.775 | 0.876 | 0.939 | 0.959 | 0.989 | 1.000,Có dấu hiệu lệch vị trí (tăng đơn điệu đến cuối câu),1.0
mùi khá thơm mát dịu nhẹ sao gội không thấy đỡ gàu gàu ngứa thường thể do không hợp,MỈA MAI,0.5465,"hợp, không",mùi | khá | thơm | mát | dịu | nhẹ | sao | gội | không | thấy | đỡ | gàu | gàu | ngứa | thường | thể | do | không | hợp,0.009 | 0.000 | 0.004 | 0.007 | 0.000 | 0.016 | 0.057 | 0.100 | 0.177 | 0.257 | 0.348 | 0.438 | 0.535 | 0.666 | 0.749 | 0.839 | 0.921 | 0.981 | 1.000,Có dấu hiệu lệch vị trí (tăng đơn điệu đến cuối câu),1.0
mịn ổn kiểm soát dầu binh thuong fomo mua thấy bình thường sự cái nắp đóng không chặt giữ cái chặn phấn bất cập chất phấn đúng mịn suốt không trắng không lì áp mặt điện thoại trắng xoá chê không review,MỈA MAI,0.6792,"xoá, chê",mịn | ổn | kiểm | soát | dầu | binh | thuong | fomo | mua | thấy | bình | thường | sự | cái | nắp | đóng | không | chặt | giữ | cái | chặn | phấn | bất | cập | chất | phấn | đúng | mịn | suốt | không | trắng | không | lì | áp | mặt | điện | thoại | trắng | xoá | chê | không | review,0.043 | 0.028 | 0.023 | 0.019 | 0.017 | 0.020 | 0.029 | 0.032 | 0.000 | 0.010 | 0.022 | 0.028 | 0.057 | 0.060 | 0.084 | 0.086 | 0.136 | 0.180 | 0.209 | 0.238 | 0.285 | 0.329 | 0.361 | 0.411 | 0.458 | 0.505 | 0.553 | 0.569 | 0.627 | 0.692 | 0.756 | 0.813 | 0.855 | 0.895 | 0.938 | 0.960 | 0.981 | 0.999 | 1.000 | 1.000 | 0.986 | 0.964,Từ quan trọng nhất ở cuối câu (có thể lệch vị trí),0.93
lợi ích tắm đẹp thơm bì đẹp mở móp thế,KHÔNG MỈA MAI,0.1217,"thế, móp",lợi | ích | tắm | đẹp | thơm | bì | đẹp | mở | móp | thế,0.394 | 0.258 | 0.000 | 0.074 | 0.088 | 0.176 | 0.273 | 0.403 | 0.945 | 1.000,Từ quan trọng nhất ở cuối câu (có thể lệch vị trí),1.0
hương vị ngon thích vị dutch lady sự thất vọng cách đóng gói nhãn hàng kể chất lượng sữa ảnh hưởng không không lần đầu mua sữa bịch nhãn hàng tình trạng không thói quen quay video trả hàng phiền đánh giá nhãn hàng thấy nâng cao chất lượng sản phẩm người tiêu dùng yên tâm không mua sản phẩm nhãn hàng,KHÔNG MỈA MAI,0.4115,"đầu, sữa",hương | vị | ngon | thích | vị | dutch | lady | sự | thất | vọng | cách | đóng | gói | nhãn | hàng | kể | chất | lượng | sữa | ảnh | hưởng | không | không | lần | đầu | mua | sữa | bịch | nhãn | hàng | tình | trạng | không | thói | quen | quay | video | trả | hàng | phiền | đánh | giá | nhãn | hàng | thấy | nâng | cao | chất | lượng | sản | phẩm | người | tiêu | dùng | yên | tâm | không | mua | sản | phẩm | nhãn | hàng,0.647 | 0.592 | 0.532 | 0.466 | 0.421 | 0.377 | 0.327 | 0.331 | 0.358 | 0.391 | 0.432 | 0.415 | 0.421 | 0.453 | 0.473 | 0.486 | 0.531 | 0.584 | 0.620 | 0.619 | 0.688 | 0.776 | 0.890 | 0.954 | 1.000 | 0.944 | 0.969 | 0.904 | 0.892 | 0.865 | 0.827 | 0.780 | 0.806 | 0.787 | 0.762 | 0.749 | 0.678 | 0.608 | 0.561 | 0.498 | 0.413 | 0.318 | 0.279 | 0.225 | 0.197 | 0.111 | 0.092 | 0.058 | 0.032 | 0.000,Bình thường,0.49
hộp ngoài móp méo mong lần cửa hàng khắc phục lần đầu mua sữa onl uống thử mới biết chất lượng haha giao hàng ổn nhanh,MỈA MAI,0.5224,"ổn, nhanh",hộp | ngoài | móp | méo | mong | lần | cửa | hàng | khắc | phục | lần | đầu | mua | sữa | onl | uống | thử | mới | biết | chất | lượng | haha | giao | hàng | ổn | nhanh,0.000 | 0.056 | 0.147 | 0.199 | 0.245 | 0.294 | 0.337 | 0.374 | 0.416 | 0.434 | 0.476 | 0.507 | 0.497 | 0.543 | 0.592 | 0.632 | 0.675 | 0.740 | 0.780 | 0.830 | 0.875 | 0.926 | 0.945 | 0.974 | 1.000 | 0.989,Có dấu hiệu lệch vị trí (tăng đơn điệu đến cuối câu),0.96
biết sản phẩm tốt không chương trình mua áp tặng quà nhận không,KHÔNG MỈA MAI,0.2013,"không, quà",biết | sản | phẩm | tốt | không | chương | trình | mua | áp | tặng | quà | nhận | không,0.000 | 0.068 | 0.142 | 0.255 | 0.480 | 0.614 | 0.755 | 0.698 | 0.768 | 0.839 | 0.895 | 0.895 | 1.000,Từ quan trọng nhất ở cuối câu (có thể lệch vị trí),1.0
công dụng sạch dành da khô dầu mùi hương không mùi cửa hàng giao hàng nhanh hình quà giao không thấy,KHÔNG MỈA MAI,0.3734,"thấy, không",công | dụng | sạch | dành | da | khô | dầu | mùi | hương | không | mùi | cửa | hàng | giao | hàng | nhanh | hình | quà | giao | không | thấy,0.026 | 0.003 | 0.000 | 0.006 | 0.011 | 0.091 | 0.124 | 0.161 | 0.199 | 0.294 | 0.361 | 0.429 | 0.502 | 0.563 | 0.644 | 0.705 | 0.772 | 0.851 | 0.880 | 0.964 | 1.000,Từ quan trọng nhất ở cuối câu (có thể lệch vị trí),1.0
gió ổn chức năng nút dễ điều chỉnh đọc hướng dẫn mua review tiktok thấy bình thường đầu thay thế màn lọc bảo vệ không chắn chắn cầm vô dễ bung rồi chụp tạm ảnh video,KHÔNG MỈA MAI,0.0775,"gió, ổn",gió | ổn | chức | năng | nút | dễ | điều | chỉnh | đọc | hướng | dẫn | mua | review | tiktok | thấy | bình | thường | đầu | thay | thế | màn | lọc | bảo | vệ | không | chắn | chắn | cầm | vô | dễ | bung | rồi | chụp | tạm | ảnh | video,1.000 | 0.922 | 0.817 | 0.706 | 0.605 | 0.483 | 0.426 | 0.341 | 0.288 | 0.233 | 0.184 | 0.143 | 0.127 | 0.110 | 0.099 | 0.091 | 0.084 | 0.078 | 0.072 | 0.070 | 0.063 | 0.061 | 0.060 | 0.053 | 0.052 | 0.046 | 0.043 | 0.039 | 0.033 | 0.025 | 0.024 | 0.017 | 0.012 | 0.008 | 0.004 | 0.000,Bình thường,0.0
chất liệu vải màu sắc xanh thiết kế hơi kén đồ phối cửa hàng giao chậm trễ đáng lẽ tặng mới nhận đặt cửa hàng không thể giao đúng hẹn đơn gia tăng tại sao con livestream bán hàng thêm sự chậm trễ ảnh hưởng trải nghiệm không,MỈA MAI,0.715,"sự, chậm",chất | liệu | vải | màu | sắc | xanh | thiết | kế | hơi | kén | đồ | phối | cửa | hàng | giao | chậm | trễ | đáng | lẽ | tặng | mới | nhận | đặt | cửa | hàng | không | thể | giao | đúng | hẹn | đơn | gia | tăng | tại | sao | con | livestream | bán | hàng | thêm | sự | chậm | trễ | ảnh | hưởng | trải | nghiệm | không,0.085 | 0.067 | 0.075 | 0.059 | 0.040 | 0.023 | 0.013 | 0.000 | 0.001 | 0.011 | 0.034 | 0.054 | 0.079 | 0.104 | 0.122 | 0.174 | 0.262 | 0.346 | 0.423 | 0.492 | 0.561 | 0.617 | 0.688 | 0.729 | 0.767 | 0.818 | 0.863 | 0.883 | 0.905 | 0.923 | 0.939 | 0.955 | 0.966 | 0.970 | 0.974 | 0.973 | 0.973 | 0.982 | 0.982 | 0.992 | 1.000 | 0.999 | 0.993 | 0.989 | 0.992 | 0.994 | 0.986 | 0.972,Có dấu hiệu lệch vị trí (tăng đơn điệu đến cuối câu),0.85
đặt cái tính nón đẹp đặt thêm cái nhà ngờ mấy hok kiểm tra hàng trước đóng gói nón rách khá to,MỈA MAI,0.586,"to, khá",đặt | cái | tính | nón | đẹp | đặt | thêm | cái | nhà | ngờ | mấy | hok | kiểm | tra | hàng | trước | đóng | gói | nón | rách | khá | to,0.005 | 0.009 | 0.000 | 0.038 | 0.068 | 0.130 | 0.169 | 0.210 | 0.250 | 0.301 | 0.364 | 0.415 | 0.478 | 0.544 | 0.605 | 0.700 | 0.760 | 0.827 | 0.894 | 0.954 | 0.976 | 1.000,Có dấu hiệu lệch vị trí (tăng đơn điệu đến cuối câu),1.0
